Abydenus	Abyd.
Aceratus	Acerat.
Acesander	Acesand.
Achaeus	Achae.
Achilles Tatius	Ach.Tat.
Achilles Tatius	Ach.Tat.
Acusilaus	Acus.
Adaeus	Acus.
Adamantius	Adam.
Aelianus	Ael.
Aelius Dionysius	Ael.Dion.
Aemilianus	Aemil.
Aeneas Gazaeus	Aen.Gaz.
Aeneas Tacticus	Aen.Tact.
Aesara	Aesar.
Aeschines	Aeschin.
Aeschines Socraticus	Aeschin.Socr.
Aeschrio	Aeschin.Socr.
Aeschylus	A.
Aeschylus Alexandrinus	Aesch.Alex.
Aesopus	Aesop.
Aethlius	Aesop.
A�tius	A�t.
Ruf<*>s,	A�t.
Africanus, Julius	Afric.
Agaclytus	Agaclyt.
Agatharchides	Agatharch.
Agathemerus	Agathem.
Agathias	Agath.
Agathinus	Agathin.
Agatho	Agathin.
Agathocles	Agathocl.
Agis	Agathocl.
Agla�as	Agathocl.
Albinus	Alb.
Alcaeus	Alc.Com.
Alcaeus	Alc.
Alcaeus Messenius	Alc.Mess.
Alcidamas	Alcid.
Alcinous	Alcin.
Alciphro	Alciphr.
Alcmaeon	Alciphr.
Alcman	Alcm.
Alexander	Alexand.Com.
Alexander Aetolus	Alex.Aet.
Alexander Aphrodisiensis	Alex.Aphr.
Alexander Ephesius	Alex.Eph.
Alexander Polyhistor	Alex.Polyh.
Alexander	Alex.
Alexander Trallianus	Alex.Trall.
Alexis	Alex.
Alpheus	Alph.
Alypius	Alyp.
Amipsias	Amips.
Ammianus	Ammian.
Ammianus Marcellinus	Amm.Marc.
Ammonius	Ammon.
Ammonius	Ammon.
Ammonius	Ammon.
Amphis	Ammon.
Anacharsis	Anach.
Anacreon	Anacr.
Anacreontea	Anacr.
Ananius	Anan.
Anaxagoras	Anaxag.
Anaxandrides	Anaxandr.
Anaxandrides	Anaxandr.Hist.
Anaxarchus	Anaxarch.
Anaxilas	Anaxil.
Anaximander	Anaximand.Hist.
Anaximander	Anaximand.
Anaximenes	Anaximen.
Anaxippus	Anaxipp.
Andocides	And.
Andromachus	Androm.
Andron	Androm.
Andronicus	Andronic.
Andronicus Rhodius	Andronic.Rhod.
Androtion	Androt.
Anecdota Graeca	Androt.
Anecdota Graeca	Androt.
Anecdota Graeca	Androt.
Anecdota Graeca	Androt.
Anecdota Graeca et Latina	Androt.
Anonymus	Androt.
GGM	Androt.
Anonymus Londnensis	Anon.Lond.
Anonymus Rhythmicus	Anon.Rhythm.
Anonymus Vaticanus	Anon.Vat.
Antagoras	Antag.
Antenor	Antag.
Anthemius	Anthem.
Anthologia Graeca	Anthem.
Anticlides	Anticl.
Antidotus	Antid.
Antigonus Carystius	Antig.
Antigonus Nicaeanus	Antig.Nic.
Antimachus Colophonius	Antim.
Antiochus Atheniensis	Antioch.Astr.
Antiochus	Antioch.
Antiochus	Antioch.Hist.
Antipater Sidonius	Antip.Sid.
Antipater Tarsensis	Antip.Sid.
Antipater Thessalonicensis	Antip.Thess.
Antiphanes	Antiph.
Antiphanes Macedo	Antiphan.
Antiphanes Megalopolitanus	Antiphan.
Antiphilus	Antiphil.
Antipho	Antiphil.
Antipho Sophista	Antipho Soph.
Antipho	Antipho Trag.
Antisthenes	Antisth.
Antistius	Antist.
Antoninus Liberalis	Ant.Lib.
Antonius Argivus	Anton.Arg.
Antonius Diogenes	Ant.Diog.
Antyllus	Antyll.
Anubion	Anub.
Anyte	Anyt.
Aphthonius	Aphth.
Apion	Aphth.
Apollinarius	Apollinar.
Apollodorus	Apollod.Com.
Apollodorus Carystius	Apollod.Car.
Apollodorus Gelous	Apollod.Gel.
Apollodorus	Apollod.
Apollodorus Damascenus	Apollod.
Apollodorus	Apollod.Lyr.
Apollodorus Seleuciensis	Apollod.Lyr.
Apollonides	Apollonid.
Apollonides	Apollonid.Trag.
Apollonius	Apollon.
Apollonius	Apollon.
Apollonius Citiensis	Apollon.Cit.
Apollonius Dyscolus	A.D.
Apollonius Pergaeus	Apollon.Perg.
Apollonius	Apollon.
Apollonius Rhodius	A.R.
Apollonius	Apollon.
Apollonius Tyanensis	Ap.Ty.
Apollophanes	Apolloph.
Apollophanes	Apolloph.
Apostolius	Apostol.
Appianus	App.
Apsines	Aps.
Apuleius	Apul.
Aquila	Aq.
Arabius	Arab.
Araros	Arar.
Aratus	Arat.
Arcadius	Arc.
Arcesilaus	Arcesil.
Archedicus	Arched.
Archedemus Tarsensis	Arched.
Archemachus	Archemach.
Archestratus	Archestr.
Archias	Arch.
Archias Junior	Arch.Jun.
Archigenes	Archig.
Archilochus	Archil.
Archimedes	Archim.
Archimelus	Archimel.
Archippus	Archipp.
Archytas Amphissensis	Archyt.Amph.
Archytas Tarentinus	Archyt.
Aretaeus	Aret.
Arion	Aret.
Ariphron	Aret.
Aristaenetus	Aristaenet.
Aristagoras	Aristag.
Aristagoras	Aristag.Hist.
Aristarchus	Aristarch.
Aristarchus Samius	Aristarch.Sam.
Aristarchus	Aristarch.Trag.
Aristeas	Aristeas Epic.
Aristeas Judaeus	Aristeas Epic.
Aristias	Aristeas Epic.
Aristides	Aristid.
Aristides Milesius	Aristid.Mil.
Aristides Quintilianus	Aristid.Quint.
Aristippus	Aristipp.
Aristo	Aristipp.
Aristo Chius	Aristipp.
Aristobulus	Aristobul.
Aristocles	Aristocl.
Aristocles	Aristocl.Hist.
Aristocles	Aristocl.
Aristodemus	Aristodem.
Aristodicus	Aristodic.
Aristomenes	Aristomen.
Aristonous	Aristomen.
Aristonymus	Aristonym.
Aristonymus	Aristonym.
Aristophanes	Ar.
Pax	Ar.
Aristophanes Boeotus	Aristoph.Boeot.
Aristophanes Byzantinus	Ar.Byz.
Aristophon	Ar.Byz.
Aristoteles	Arist.
Aristoxenus	Aristox.
Arius Didymus	Ar.Did.
Arrianus	Arr.
Arriani Scripta Minora,	Arr.
Artemidorus Daldianus	Artem.
Artemidorus Tarsensis	Artemid.
Artemo	Artemid.
Artemones	Artemid.
Arusianus Messius	Arus.Mess.
Ascensio Isaiae	Arus.Mess.
Asclepiades	Asclep.
Asclepiades Junior	Asclep.Jun.
Asclepiades Myrleanus	Asclep.Myrl.
Asclepiades Prusensis	Asclep.
Asclepiades Tragilensis	Asclep.Tragil.
Asclepiodotus	Ascl.
Asclepius	Ascl.
Asius	Ascl.
Aspasius	Asp.
Astrampsychus	Astramps.
Astydamas	Astyd.
Athanis	Astyd.
Athenaeus	Ath.
Athenaeus	Ath.
Athenaeus	Ath.Mech.
Athenaeus	Ath.Med.
Athenio	Ath.Med.
Athenodorus Tarsensis	Athenodor.Tars.
Atilius Fortunatianus	Atil.Fort.
Attalus	Attal.
Atticus	Attic.
Ausonius	Aus.
Autocrates	Autocr.
Autolycus	Autol.
Automedon	Autom.
Axionicus	Axionic.
Axiopistus	Axiop.
Babrius	Babr.
Bacchius	Bacch.
Bacchylides	B.
Balbilla	Balbill.
Barbucallos	Barb.
Bassus, Lollius	Bass.
Bato	Bass.
Bato Sinopensis	Bato Sinop.
Batrachomyomachia	Batr.
Berosus	Beros.
Besantinus	Besant.
Bianor	Besant.
Bias	Besant.
Bion	Besant.
Biotus	Besant.
Bito	Besant.
Blaesus	Blaes.
Boeo	Blaes.
Boethus	Boeth.
Boethus Sidonius	Boeth.
Brutus	Brut.
Butherus	Buther.
Caelius Aurelianus	Cael.Aur.
Callias	Call.
Callias	Call.Com.
Callias	Call.Hist.
Callicratidas	Callicrat.
Callicter	Callicrat.
Callimachus	Call.
Callinicus	Callinic.Rh.
Callinus	Callin.
Callistratus	Callistr.Hist.
Callistratus	Callistr.
Callixinus	Callix.
Candidus	Callix.
Cantharus	Canthar.
Carcinus	Carc.
Carmen Aureum	Carc.
Carmina Popularia	Carc.
Carneiscus	Carneisc.
Carphyllides	Carph.
Carystius	Caryst.
Cassius	Cass.
Cassius Felix	Cass.Fel.
Castorio	Cass.Fel.
Catalogus Codicum Astrologorum	Cass.Fel.
Cebes	Ceb.
Celsus	Cels.
Celsus	Cels.
Cephalio	Cels.
Cephisodorus	Cephisod.
Cercidas	Cerc.
Cercopes	Cercop.
Cerealius	Cereal.
Certamen Homeri et Hesiodi	Certamen
Chaeremon	Chaerem.Hist.
Chaeremon	Chaerem.
Chamaeleon	Chamael.
Characteres Epistolici	Chamael.
Charax	Chamael.
Chares	Chamael.
Chares	Chares Iamb.
Chares	Chares Trag.
Chariclides	Chariclid.
Charisius	Charis.
Charito	Charis.
Charixenes	Charixen.
Charon	Charixen.
Charondas	Charond.
Chilo	Charond.
Chio	Charond.
Chionides	Chionid.
Choerilus	Choeril.
Choerilus	Choeril.Trag.
Choeroboscus	Choerob.
Choricius	Chor.
Jahrb.	Chor.
Chrysippus	Chor.
Chrysippus Tyanensis	Chrysipp. Tyan.
Cicero, M. Tullius	Cic.
Cillactor,	Cic.
Claudianus	Claudian.
Claudius Iolaus	Claud.Iol.
Cleaenetus	Cleaenet.
Cleanthes	Cleaenet.
Clearchus	Clearch.Com.
Clearchus	Clearch.
Clemens Alexandrinus	Clem.Al.
Cleobulina	Clem.Al.
Cleobulus	Cleobul.
Cleomedes	Cleom.
Cleon Siculus	Cleon Sic.
Cleonides	Cleonid.
Cleopatra	Cleonid.
Cleostratus	Cleostrat.
Clidemus	Cleostrat.
Clinias	Clin.
Clitarchus	Clitarch.
Clitarchus	Clitarch.
Clitodemus,	Clitarch.
Clitomachus	Clitom.
Clitopho	Clitom.
Clytus	Clitom.
Codex Justinianus	Clitom.
Codex Theodosianus	Clitom.
Colotes	Colot.
Kolotes und Menedemos,	Colot.
Coluthus	Coluth.
Comica Adespota	Coluth.
Conon	Coluth.
Corinna	Corinn.
Cornelius Longus	Corn.Long.
Cornutus	Corn.
Corpus Hermeticum	Corn.
Crantor	Corn.
Craterus	Crater.
Crates	Crates Com.
Crates	Crates Hist.
Crates Thebanus	Crates Theb.
Crateuas	Crates Theb.
Cratinus	Cratin.
Cratinus Junior	Cratin.Jun.
Cratippus	Cratipp.
Creon	Cratipp.
Crinagoras	Crin.
Crinis	Crin.
Critias	Critias
Crito	Crito Com.
Crito	Crito Com.
Crito	Crito Com.
Crobylus	Crobyl.
Ctesias	Ctes.
Cydias	Ctes.
Cyllenius	Cyllen.
Cyranus	Cyran.
Cypria	Cypr.
Cyrillus	Cyrill.
Cyrus, Flavius	Cyrill.
Daimachus	Cyrill.
Damagetus	Damag.
Damascius	Dam.
Damianus	Damian.
Damocharis	Damoch.
Damocrates	Damocr.
Damocritus	Damocrit.
Damon	Damocrit.
Damostratus	Damostr.
Damoxenus	Damox.
David	Damox.
Deiochus	Deioch.
Demades	Demad.
Demetrius	Demetr.
Demetrius	Demetr.Com.Nov.
Demetrius	Demetr.Com.Vet.
Demetrius Apamensis	Demetr.Apam.
Demetrius Lacon	Demetr.Lac.
Demetrius Phalereus	Demetr.
Demetrius Phalereus	Dem.Phal.
Demetrius Troezenius	Demetr.Troez.
Demochares	Democh.
Democritus	Democr.
Democritus	Democr.
Democritus	Ps.-Democr.
Democritus Ephesius	Democr.Eph.
Demodocus	Demod.
Demon	Demod.
Demonicus	Demonic.
Demophilus	Demoph.
Demosthenes	D.
Demosthenes Bithynus	Dem.Bith.
Demosthenes Ophthalmicus	Dem.Ophth.
Dercylus	Dercyl.
Dexippus	Dexipp.
Dexippus	Dexipp.
Diagoras	Diagor.
Dialexeis	Diagor.
Dicaearchus	Dicaearch.
Dicaearchus	Dicaearch.Hist.
Dicaeogenes	Dicaeog.
Didymus	Did.
Dieuches	Dieuch.
Dieuchidas	Dieuchid.
Digesta	Dieuchid.
Dinarchus	Din.
Dinias	Din.
Dinolochus	Dinol.
Dinon	Dinol.
Dio Cassius	D.C.
Dio Chrysostomus	D.Chr.
Diocles	Diocl.
Diocles	Diocl.Com.
Diocles	Diocl.Com.
Diodorus	Diod.Com.
Diodorus	Diod.
Diodorus	Diod.Rh.
Diodorus Atheniensis	Diod.Ath.
Diodorus Siculus	D.S.
Diodorus Tarsensis	Diod.Tars.
Diogenes Apolloniates	Diog.Apoll.
Diogenes Atheniensis	Diog.Ath.
Diogenes Babylonius	Diog.Ath.
Diogenes Cynicus	Diog.
Diogenes Laertius	D.L.
Diogenes Oenoandensis	Diog.Oen.
Diogenes Sinopensis	Diog.Sinop.
Diogenianus	Diogenian.
Diogenianus Epicureus	Diogenian.Epicur.
Diomedes	Diom.
Dionysius	Dionys.Com.
Dionysius	Dionys.
Dionysius	Dionys.
Dionysius	Dionys.Trag.
Dionysius Byzantius	Dion.Byz.
Dionysius Calliphontis filius	Dion.Calliph.
Dionysius Chalcus	Dionys.Eleg.
Dionysius Halicarnassensis	D.H.
Dionysius Heracleota	D.H.
Dionysius Minor	Dionys.Minor
Dionysius Periegeta	D.P.
Dionysius Samius	Dionys.Sam.
Dionysius Thrax	D.T.
Diophanes	Diophan.
Diophantus	Dioph.
Dioscorides	Diosc.
Dioscorides	Diosc.Hist.
Dioscorides Pedanius	Dsc.
Dioscorides Glossator	Diosc.Gloss.
Diotimus	Diotim.
Diotogenes	Diotog.
Dioxippus	Diox.
Diphilus	Diph.
Diphilus Siphnius	Diph.Siph.
Dius	Diph.Siph.
Diyllus	Diyll.
Donatus, Aelius	Donat.
Dorio	Donat.
Dorotheus	Doroth.
Dosiadas	Dosiad.
Dosiades	Dosiad.Hist.
Dositheus	Dosith.
Dromo	Dosith.
Duris	Dosith.
Duris	Dosith.
Ecphantides	Ecphantid.
Ecphantus	Ecphant.
Elegiaca Alexandrina Adespota	Ecphant.
Elias	Ecphant.
Empedocles	Emp.
Enoch	Emp.
Ephippus	Ephipp.
Ephorus	Ephor.
Die kleineren Historikerfragmente auf Papyrus,	Ephor.
Epica Alexandrina Adespota	Ephor.
Epicharmus	Epich.
Epicrates	Epicr.
Epictetus	Epict.
Epicurus	Epicur.
Nat.Herc.	Epicur.
Epigenes	Epig.
Epigoni	Epig.
Epigonus	Epig.
Epilycus	Epil.
Epimenides	Epimenid.
Epinicus	Epin.
Erasistratus	Erasistr.
Eratosthenes	Eratosth.
Eratosthenes Scholasticus	Eratosth.
Erinna	Erinn.
Eriphus	Eriph.
Erotianus	Erot.
Erycius	Eryc.
Etruscus	Etrusc.
Etymologicum Genuinum	Etrusc.
Etymologicum Gudianum	Etrusc.
Etymologicum Magnum	Etrusc.
Euangelus	Euang.
Eubulides	Eubulid.
Eubulus	Eub.
Euclides	Euc.
Elementa,	Euc.
Eucrates	Eucrat.
Eudemus	Eudem.
Eudoxus	Eudox.
Eudoxus	Eudox.Com.
Eugaeon	Eudox.Com.
Eugenes	Eudox.Com.
Eumelus	Eumel.
Eunapius	Eun.
Eunicus	Eunic.
Euodus	Euod.
Euphorio	Euph.
Euphro	Euph.
Euphronius	Euphron.
Eupithius	Euphron.
Eupolis	Eup.
Euripides	E.
TGF	E.
Ion	E.
Euryphamus	Euryph.
Eusebius	Eus.Hist.
Eusebius Caesariensis	Eus.
Eusebius Myndius	Eus.Mynd.
Eustathius	Eust.
Eustathius Epiphaniensis	Eust.Epiph.
Eustratius	Eustr.
pars	Eustr.
Euthycles	Euthycl.
Eutocius	Eutoc.
Eutolmius	Eutolm.
Eutychianus	Eutych.
Evenus	Even.
Ezekiel	Ezek.
Favorinus	Favorin.
Favorinus	Favorin.
Festus	Fest.
Firmicus Maternus	Firm.
Flaccus	Firm.
Fortunatianus	Firm.
Fronto, M. Cornelius	Firm.
Gabrielius	Gabriel.
Gaetulicus, Cn. Lentulus	Gaet.
Galenus	Gal.
Scripta Minora	Gal. Min.
Gallus	Gall.
Gaudentius	Gaud.
Gauradas	Gaur.
Gellius, Aulus	Gell.
Geminus	Gem.
Geminus	Gem.
Geoponica	Gem.
Germanicus Caesar	Germ.
Glaucus Atheniensis	Glauc.
Glaucus Nicopolitanus	Glauc.
Glossaria	Glauc.
Gorgias	Gorg.
Gorgon	Gorg.
Gregorius Corinthius	Greg.Cor.
Gregorius Cyprius	Greg.Cypr.
Hadrianus	Hadr.Rh.
Hadrianus Imperator	Hadr.
Hanno	Hadr.
Harmodius	Harmod.
Harpocratio	Harp.
Harpocratio	Harp.Astr.
Hecataeus Abderita	Hecat.Abd.
Hecataeus Milesius	Hecat.
Hedyle	Hecat.
Hedylus	Hedyl.
Hegemon	Hegem.
Hegesander	Hegesand.
Hegesianax	Hegesian.
Hegesias	Hegesian.
Hegesippus	Hegesipp.Com.
Hegesippus	Hegesipp.
Heliodorus	Hld.
Heliodorus	Heliod.
Heliodorus	Heliod.Hist.
Heliodorus	Heliod.
Helladius	Hellad.
Helladius	Hellad.
Hellanicus	Hellanic.
Hellenica Oxyrhynchia	Hellanic.
Hemerologium Florentinum	Hellanic.
Heniochus	Henioch.
Hephaestio	Heph.Astr.
Hephaestio	Heph.
Heraclas	Heracl.
Heraclides	Heraclid.Com.
Heraclides	Heraclid.
Heraclides Cumaeus	Heraclid.Cum.
Heraclides Lembus	Heraclid.Lemb.
Heraclides Ponticus	Heraclid.Pont.
Heraclides Sinopensis	Heraclid.Sinop.
Heraclides Tarentinus	Heraclid.
Heraclitus	Heraclit.
Heraclitus	Heraclit.
Anthologia Graeca.	Heraclit.
Heraclitus	Heraclit.
Heraclitus	Heraclit.
Herillus Carthaginiensis	Heraclit.
Hermes Trismegistus	Herm.
Hermesianax	Hermesian.
Hermias	Herm.Hist.
Hermias	Herm.Iamb.
Hermias Alexandrinus	Herm.
Hermippus	Hermipp.
Hermippus	Hermipp.Hist.
Hermocles	Hermocl.
Hermocreon	Hermocr.
Hermodorus	Hermod.
Hermogenes	Hermog.
Hermon	Hermog.
Hero	Hermog.
Herodas	Herod.
Herodianus	Hdn.
Herodianus	Hdn.
Herodianus	Hdn.
Herodorus	Herodor.
Herodotus	Hdt.
Herodotus	Herod.Med.
Herophilus	Herophil.
Hesiodus	Hes.
Hesychius Milesius	Hsch.Mil.
Hesychius	Hsch.
Hicesius	Hices.
Hierocles	Hierocl.
Hierocles	Hierocl.Hist.
Hierocles Platonicus	Hierocl.
Hierocles Stoicus	Hierocl.
Hieronymus Cardianus	Hieronym.Hist.
Himerius	Him.
Hippagoras	Him.
Hipparchus	Hipparch.
Hipparchus	Hipparch.Com.
Hipparchus	Hipparch.
Hippias Eleus	Hipparch.
Hippias Erythraeus	Hippias Erythr.
Hippiatrica	Hippias Erythr.
Hippocrates	Hp.
Hippodamus	Hippod.
Hippolytus	Hippol.
Hippon	Hippol.
Hipponax	Hippon.
Hippothoon	Hippon.
Hippys	Hippon.
Historiae Augustae Scriptores	Hippon.
Epigr.	Hippon.
Hymni,	Hippon.
Honestus	Honest.
Horapollo	Horap.
Hymni Homerici	Horap.
Hymni Magici	Horap.
Hymnus ad Idaeos Dactylos	Horap.
Hymnus ad Isim	Horap.
Hymnus Curetum	Horap.
Hyperides	Hyp.
Hypsicles	Hypsicl.
Iamblichus	Iamb.
Iamblichus	Iamb.
Ibycus	Ibyc.
Idomeneus	Ibyc.
Ilias	Il.
Ilias Parva	Il.Parv.
Iliu Persis	Il.Pers.
Ion Chius	Il.Pers.
Iophon	Il.Pers.
Irenaeus	Iren.
Isaeus	Is.
Isidorus	Isid.Trag.
Isidorus Aegeates	Isid.Aeg.
Isidorus Characenus	Isid.Char.
Isidorus Hispalensis	Isid.
Isidorus Scholasticus	Isid.
Isigonus	Isig.
Isocrates	Isoc.
Ister	Isoc.
Isyllus	Isyll.
Joannes Alexandrinus	Jo.Alex. vel Jo.Gramm.
Joannes Diaconus	Jo.Diac.
Joannes Gazaeus	Jo.Gaz.
Josephus	J.
Julianus Imperator	Jul.
Julianus Aegyptius	Jul. vel Jul.Aegypt.
Julianus Laodicensis	Jul.Laod.
Juncus	Junc.
Justinianus	Just.
Juvenalis, D. Junius	Juv.
Laco	Juv.
Lamprocles	Lamprocl.
Lasus	Lamprocl.
Leo Philosophus	Leo Phil.
Leonidas	Leon.
Leonidas	Leonid.
Leonidas Alexandrinus	Leon.
Leontius	Leont.
Leontius	Leont.
Lesbonax	Lesb.Gramm.
Lesbonax	Lesb.Rh.
Leucippus	Leucipp.
Leucon	Leucipp.
Lexicon Messanense	Leucipp.
Lexicon Rhetoricum	Leucipp.
Lexicon Rhetoricum Cantabrigiense	Leucipp.
Lexicon Sabbaiticum	Leucipp.
Lexicon de Spiritu	Leucipp.
Lexicon Vindobonense	Leucipp.
Libanius	Lib.
Licymnius	Licymn.
Limenius	Limen.
Linus	Limen.
Lollius Bassus	Loll.
Longinus	Longin.
Longus	Longin.
Lucianus	Luc.
Lucillius	Lucill.
LXX	Lucill.
Lycophron	Lyc.
Lycophronides	Lycophronid.
Lycurgus	Lycurg.
Lycus	Lycurg.
Lydus, Joannes Laurentius	Lyd.
Lynceus	Lync.
Lyrica Adespota	Lync.
Lyrica Alexandrina Adespota	Lync.
Lysias	Lys.
Lysimachides	Lysimachid.
Lysimachus	Lysim.
Lysippus	Lysipp.
Lysis	Lysipp.
Macarius	Macar.
Macedonius	Maced.
Macedonius	Maced.
Macedonius Thessalonicensis	Maced.
Macho	Maced.
Macrobius	Macr.
Maecius	Maec.
Magnes	Magn.
Magnus	Magn.
Magnus	Magnus Hist.
Maiistas	Maiist.
Malchus	Malch.
Mamercus	Mamerc.
Manetho	Man.
Manetho	Man.Hist.
Mantissa Proverbiorum	Man.Hist.
Marcellinus	Marcellin.
Marcellinus	Marcellin.
Marcellus Sidetes	Marc.Sid.
Marcianus	Marcian.
Marcus Antoninus	M.Ant.
Marcus Argentarius	Marc.Arg.
Margites	Marc.Arg.
Maria	Maria Alch.
Marianus	Marian.
Marinus	Marin.
Marius Victorinus	Mar.Vict.
Martialis	Mart.
Martianus Capella	Mart.Cap.
Matro	Mart.Cap.
Maximus	Max.
Maximus Tyrius	Max.Tyr.
Megasthenes	Megasth.
Meges	Megasth.
Melampus	Melamp.
Melanippides	Melanipp.
Melanthius	Melanth.Hist.
Melanthius	Melanth.Trag.
Meleager	Mel.
Melinno	Mel.
Melissa	Mel.
Melissus	Meliss.
Memnon	Memn.
Menaechmus	Menaechm.
Menander	Men.
Menander	Men.Rh.
Menander Ephesius	Men.Eph.
Menander Protector	Men.Prot.
Menecles Barcaeus	Menecl.
Menecrates	Menecr.
Menecrates Ephesius	Menecr.Eph.
Menecrates Xanthius	Menecr.Xanth.
Menemachus	Menemach.
Menesthenes	Menesth.
Menetor	Menesth.
Menippus	Menipp.
Meno	Menipp.
Menodotus Samius	Menodot.
Mesomedes	Mesom.
Suppl.	Mesom.
Metagenes	Metag.
Metrodorus	Metrod.
Metrodorus	Metrod.
Metrodorus	Metrod.
Metrodorus Chius	Metrod.Chius
Metrodorus Scepsius	Metrod.Sceps.
Michael Ephesius	Mich.
Michaelius	Mich.
Mimnermus	Mimn.
Mimnermus	Mimn.Trag.
Minucianus	Minuc.
Mithradates	Mithr.
Mnasalcas	Mnasalc.
Mnaseas	Mnasalc.
Mnesimachus	Mnesim.
Mnesitheus Atheniensis	Mnesith.Ath.
Mnesitheus Cyzicenus	Mnesith.Cyz.
Moeris	Moer.
Moero	Moer.
Molpis	Moer.
Moschio	Moer.
Moschio	Moer.
Moschio	MoschioTrag.
Moschus	Mosch.
Moses	Mosch.
Mucius Scaevola	Muc.Scaev.
Mundus Munatius	Mund.
Musaeus	Musae.
Musaeus	Musae.
Musicius	Music.
Musonius	Muson.
Myia	Muson.
Myrinus	Myrin.
Myro	Myrin.
Myrsilus	Myrsil.
Myrtilus	Myrtil.
Naumachius	Naumach.
Nausicrates	Nausicr.
Nausiphanes	Nausiph.
Neanthes	Neanth.
Nearchus	Nearch.
Nechepso	Nech.
Neophron	Neophr.
Neoptolemus	Neoptol.
Nepualius (Neptunalius, Neptunianus)	Neoptol.
Nessas	Neoptol.
Nestor	Neoptol.
Nicaenetus	Nicaenet.
Nicander	Nic.
Nicarchus	Nicarch.
Nicias	Nic.
Nico	Nic.
Nicochares	Nicoch.
Nicocles	Nicocl.
Nicodemus	Nicod.
Nicolaus	Nicol.Com.
Nicolaus	Nicol.
Nicolaus Damascenus	Nic.Dam.
Nicomachus	Nicom.Com.
Nicomachus	Nicom.Trag.
Nicomachus Gerasenus	Nicom.
Nicopho	Nicom.
Nicostratus	Nicostr.Com.
Nicostratus	Nicostr.
Niger, Sextius	Nicostr.
Nonius Marcellus	Nicostr.
Nonnus	Nonn.
Nossis	Noss.
Nosti	Noss.
Novum Testamentum	Noss.
Numenius Apamensis	Numen.
Numenius Heracleota	Numen.
Nymphis	Numen.
Nymphodorus	Nymphod.
Ocellus Lucanus	Ocell.
Odyssea	Od.
Oenomaus	Oenom.
Olympiodorus	Olymp.Alch.
Olympiodorus	Olymp.Hist.
Olympiodorus	Olymp.
pars	Olymp.
Onatas	Onat.
Onosander (Onasander)	Onos.
Ophelio	Ophel.
Oppianus Anazarbensis	Opp.
Oppianus Apamensis	Opp.
Oracula Chaldaica	Opp.
Oribasius	Orib.
Origenes	Orib.
Orion	Orib.
Orphica	Orph.
Paean Delphicus	Orph.
Paean Erythraeus	Orph.
Palaephatus	Palaeph.
Palchus	Palch.
Palladas	Pall.
Palladius	Pall.
Hippocratis et Galeni Opera,	Pall.
Pamphila	Pall.
Pamphilus	Pamphil.
Pamphilus	Pamphil.
Pancrates	Pancrat.
Pancrates	Pancrat.
Panyasis	Panyas.
Pappus	Papp.
Parmenides	Parm.
Parmenio	Parmen.
Parmeno	Parmen.
Parmeno	Parmen.
Parrhasius	Parrhas.
Parthenius	Parth.
Patrocles Thurius	Patrocl.
Paulus Aegineta	Paul.Aeg.
Paulus Alexandrinus	Paul.Al.
Paulus Silentiarius	Paul.Sil.
Pausanias	Paus.
Pausanias Damascenus	Paus.Dam.
Pausanias Grammaticus	Paus.Gr.
Pediasimus	Pediasim.
Pelagius	Pelag.Alch.
Pempelus	Pempel.
Perictione	Perict.
Periplus Maris Rubri	Perict.
Persaeus Citieus	Perict.
Perses	Pers.
Persius	Pers.
Petosiris	Petos.
Petronius	Petron.
Petrus Patricius	Petr.Patr.
Phaedimus	Phaedim.
Pha�nnus	Pha�nn.
Phaestus	Phaest.
Phalaecus	Phal.
Phalaris	Phalar.
Phanias	Phan.
Phanias	Phan.Hist.
Phanocles	Phanocl.
Phanodemus	Phanod.
Pherecrates	Pherecr.
Pherecydes Lerius	Pherecyd.
Pherecydes Syrius	Pherecyd.Syr.
Philagrius	Philagr.
Philemo	Philem.
Philemo Junior	Philem.Jun.
Philetaerus	Philetaer.
Philetas	Philetaer.
Philippides	Philippid.
Philippus	Philipp.Com.
Philippus	Phil.
Philiscus	Philisc.Com.
Philiscus	Philisc.Trag.
Philistus	Philist.
Phillis	Philist.
Philo	Ph.Epic.
Philo	Ph.
Philo Byblius	Ph.Bybl.
Philo Byzantius	Ph.Byz.
Philo Judaeus	Ph.
Philo Tarsensis	Ph.Tars.
Philochorus	Philoch.
Philocles	Philocl.
Philodamus Scarpheus	Philod.Scarph.
Philodemus	Phld.
Philolaus	Philol.
Philomnestus	Philomnest.
Philonides	Philonid.
Philoponus, Joannes	Phlp.
pars	Phlp.
Philostephanus	Philosteph.Com.
Philostephanus	Philosteph.Hist.
Philostratus	Philostr.
Philostratus Junior	Philostr.Jun.
Philoxenus	Philox.
Philoxenus	Philox.Gramm.
Philoxenus	Philox.
Philumenus	Philum.
Philyllius	Philyll.
Phintys	Phint.
Phlegon Trallianus	Phleg.
Phocylides	Phoc.
Phoebammon	Phoeb.
Phoenicides	Phoenicid.
Phoenix	Phoen.
Photius	Phot.
Phrynichus	Phryn.
Phrynichus	Phryn.Com.
Phrynichus	Phryn.Trag.
Phylarchus	Phylarch.
Phylotimus	Phylotim.
Pindarus	Pi.
Pisander	Pisand.
Pittacus	Pittac.
Placita Philosophorum	Pittac.
Plato	Pl.Com.
Plato	Pl.
Ion	Pl.
Plato Junior	Pl.Jun.
Platonius	Platon.
Plautus	Plaut.
Plinius	Plin.
Plotinus	Plot.
Plutarchus	Plu.
Agis	Plu. Ag.
Dio	Plu. Di.
Poeta	Poet.
Polemo	Polem.Hist.
Polemo	Polem.Hist.
Polemo Sophista	Polem.
Poliochus	Polioch.
Pollianus	Poll.
Pollux	Poll.
Polus	Poll.
Polyaenus	Polyaen.
Polyaenus, Julius	Polyaen.
Polybius	Plb.
Polybius Sardianus	Plb.Rh.
Polycharmus	Polycharm.
Polyclitus	Polyclit.
Polycrates	Polycr.
Polystratus	Polystr.
Polystratus	Polystr.
Polyzelus	Polyzel.
Pompeius	Pomp.
Pompeius Macer	Pomp.Mac.
Porphyrius Tyrius	Porph.
Abh. Berl. Akad.	Porph.
Posidippus	Posidipp.
Posidippus	Posidipp.
Posidonius	Posidon.
Posidonius	Posidon.
Pratinas	Pratin.
Praxagoras	Praxag.
Praxilla	Praxill.
Priscianus	Priscian.
Priscianus Lydus	Prisc.Lyd.
Priscus	Prisc.
Proclus	Procl.
Procopius Caesariensis	Procop.
Procopius Gazaeus	Procop.Gaz.
Prodicus	Prodic.
Promathidas	Promathid.
Protagoras	Protag.
Protagoridas	Protagorid.
Proxenus	Proxen.
Psalms of Solomon	Proxen.
Pseudo-Callisthenes	Ps.-Callisth.
Pseudo-Phocylidea	Ps.-Phoc.
Ptolemaeus	Ptol.
Ptolemaeus	Ptol.
Ptolemaeus Ascalonita	Ptol.Ascal.
Ptolemaeus Chennos	Ptol.Chenn.
Ptolemaeus Euergetes II	Ptol.Euerg.
Ptolemaeus Megalopolitanus	Ptol.Megalop.
Pyrgio	Ptol.Megalop.
Pythaenetus	Pythaen.
Pythagoras	Pythag.
Pythagorae et Pythagoreorum Epistulae	Pythag.
Pythocles	Pythocl.
Python	Pythocl.
Quintilianus	Quint.
Quintus Smyrnaeus	Q.S.
Rhetores Graeci	Rh.
Rhetorius	Rhetor.
Rhianus	Rhian.
Rhinthon	Rhinth.
Rufinus	Rufin.
Rufus	Ruf.
Rufus	Ruf.Rh.
Rutilius Lupus	Rutil.
Sabinus, Tullius	Tull.Sab.
Sacerdos, Marius Plotius	Sacerd.
Sallustius	Sallust.
Samus	Sallust.
Sannyrio	Sannyr.
Sappho	Sapph.
Satyrus	Satyr.
Satyrus	Satyr.
Scamon	Satyr.
Scholia	Satyr.
Sciras	Satyr.
Scolia	Satyr.
Scylax	Scyl.
Scymnus	Scymn.
Scythinus	Scythin.
Scythinus Teius	Scythin.
Secundus	Secund.
Seleucus	Seleuc.
Seleucus	Seleuc.Lyr.
Semonides	Semon.
Semus	Semon.
Seneca, L. Annaeus	Semon.
Serapio	Semon.
Serapio	Semon.
Serapio	Semon.
Serenus	Seren.
Serenus	Seren.
Servius	Serv.
Severus	Sever.
Severus	Sever.
Sextus	Sext.
Sextus Empiricus	S.E.
Silenus	Silen.
Simmias	Silen.
Simon Atheniensis	Silen.
Scripta Minora,	Silen.
Simonides	Simon.
Simplicius	Simp.
Simylus	Simyl.
Socrates Argivus	Socr.Arg.
Socrates Cous	Socr.Cous
Socrates Rhodius	Socr.Rhod.
Socratis et Socraticorum Epistulae	Socr.
Solon	Sol.
Sopater	Sopat.
Sopater	Sopat.
Sopater	Sopat.Rh.
Sophilus	Sophil.
Sophocles	S.
Sophonias	Sophon
Sophron	Sophr.
Soranus	Sor.
Sosibius	Sosib.
Sosicrates	Sosicr.
Sosicrates	Sosicr.Hist.
Sosicrates Rhodius	Sosicr.Rhod.
Sosipater	Sosip.
Sosiphanes	Sosiph.
Sositheus	Sosith.
Sostratus	Sostrat.
Sosylus	Sosyl.
Sotades	Sotad.Com.
Sotades	Sotad.
Sotion	Sotad.
Speusippus	Speus.
Sphaerus	Sphaer.Hist.
Sphaerus	Sphaer.Hist.
Stadiasmus	Sphaer.Hist.
Staphylus	Staphyl.
Statyllius Flaccus	Stat.Flacc.
Stephanus	Steph.Com.
Stephanus	Steph.
Stephanus	Steph.
Stephanus Byzantius	St.Byz.
Stesichorus	Stesich.
Stesimbrotus	Stesimbr.
Sthenidas	Sthenid.
Stobaeus, Joannes	Stob.
Stoicorum Veterum Fragmenta	Stob.
Strabo	Str.
Strato	Strato Com.
Strato	Strat.
Strattis	Stratt.
Suetonius	Suet.
Suidas	Suid.
Sulpicius Maximus	Sulp.Max.
Susario	Sus.
Symmachus	Sm.
Synesius	Syn.Alch.
Syrianus	Syrian.
Teleclides	Telecl.
Teles	Telecl.
Telesilla	Telesill.
Telestes	Telest.
Terentianus Maurus	Ter.Maur.
Terentius Scaurus	Ter.Scaur.
Terpander	Terp.
Teucer Babylonius	Terp.
Teucer Cyzicenus	Terp.
Thales	Thal.
PLG	Thal.
Thallus, Antonius	Thal.
Theaetetus	Theaet.
Theagenes	Theagen.
Theages	Theag.
Theano	Theag.
Theba�s	Theag.
Themiso	Themiso Hist.
Themiso	Themiso Hist.
Themistius	Them.
Themistocles	Themist.
Theocles	Theocl.
Theocritus	Theoc.
Theodectes	Theodect.
Theodoridas	Theodorid.
Theodorus	Theod.
Theodosius Alexandrinus	Theodos.
Theodotion	Thd.
Theognetus	Theognet.
Theognis	Thgn.
Theognis	Thgn.Trag.
Theognis Rhodius	Thgn.Hist.
Theognostus	Theognost.
Theologumena Arithmeticae	Theognost.
Theolytus	Theolyt.
Theon	Theolyt.
Theon	Theolyt.
Theon Gymnasiarcha	Theon Gymn.
Theon Smyrnaeus	Theo Sm.
Theophanes	Theoph.
Theophilus	Theophil.
Theophrastus	Thphr.
Theopompus	Theopomp.Com.
Theopompus	Theopomp.Hist.
Theopompus Colophonius	Theopomp.Coloph.
Thespis	Theopomp.Coloph.
Thomas	Thom.
Thomas Magister	Thom.Mag.
Thrasymachus	Thrasym.
Thucydides	Th.
Thugenides	Thugen.
Thyillus	Thyill.
Thymocles	Thymocl.
Tiberius	Tib.
Tiberius Illustrius	Tib.Ill.
Timaeus	Tim.
Timaeus	Timae.
Timaeus Locrus	Ti.Locr.
Timagenes	Timag.
Timo Phliasius	Timag.
Timocles	Timocl.
Timocreon	Timocr.
Timostratus	Timostr.
Timotheus	Tim.Com.
Timotheus	Tim.
Timotheus Gazaeus	Tim.Gaz.
Titanomachia	Titanomach.
Tragica Adespota	Titanomach.
Trophilus	Trophil.
Tryphiodorus	Tryph.
Trypho	Tryph.
Tullius Flaccus	Tull.Flacc.
Tullius Geminus	Tull.Gem.
Tullius Laurea	Tull.Laur.
Tullius Sabinus,	Tull.Laur.
Tymnes	Tymn.
Tyrtaeus	Tyrt.
Tzetzes, Joannes	Tz.
CGF	Tz.
Ulpianus	Ulp.
Uranius	Uran.
Varro, M. Terentius	Uran.
Velius Longus	Vel.Long.
Vettius Valens	Vett.Val.
Vetus Testamentum Graece redditum	LXX
Bel	LXX
Vetus Testamentum	LXX
Vita Philonidis Epicurei	LXX
Vitae Homeri	LXX
Vitruvius	Vitr.
Xanthus	Xanth.
Xenagoras	Xenag.
Xenarchus	Xenarch.
Xeno	Xenarch.
Xenocles	Xenocl.
Xenocrates	Xenocr.
Xenophanes	Xenoph.
Xenophon	X.
Xenophon Ephesius	X.Eph.
Zaleucus	Zaleuc.
Zelotus	Zelot.
Zeno Citieus	Zelot.
Zeno Eleaticus	Zeno Eleat.
Zeno Tarsensis	Zeno Eleat.
Zenobius	Zen.
Zenodotus	Zenod.
Zonaeus	Zonae.
Zonaras	Zonar.
Zonas	Zon.
Zopyrus	Zopyr.Hist.
Zopyrus	Zopyr.
Zosimus	Zos.Alch.
Zosimus	Zos.
Zosimus	Zos.
